{
  "best_metric": null,
  "best_model_checkpoint": null,
  "epoch": 2.4038461538461537,
  "eval_steps": 500,
  "global_step": 500,
  "is_hyper_param_search": false,
  "is_local_process_zero": true,
  "is_world_process_zero": true,
  "log_history": [
    {
      "epoch": 0.9951923076923077,
      "grad_norm": 0.35505422949790955,
      "learning_rate": 1.8009615384615387e-05,
      "loss": 0.4958,
      "step": 207
    },
    {
      "epoch": 1.0,
      "eval_accuracy": 0.9133574007220217,
      "eval_f1": 0.9133618510482425,
      "eval_loss": 0.34166377782821655,
      "eval_runtime": 8.6294,
      "eval_samples_per_second": 32.1,
      "eval_steps_per_second": 8.112,
      "step": 208
    },
    {
      "epoch": 1.9903846153846154,
      "grad_norm": 0.0493096299469471,
      "learning_rate": 1.601923076923077e-05,
      "loss": 0.1793,
      "step": 414
    },
    {
      "epoch": 2.0,
      "eval_accuracy": 0.9169675090252708,
      "eval_f1": 0.9166225484442039,
      "eval_loss": 0.36808115243911743,
      "eval_runtime": 8.8219,
      "eval_samples_per_second": 31.399,
      "eval_steps_per_second": 7.935,
      "step": 416
    }
  ],
  "logging_steps": 207,
  "max_steps": 2080,
  "num_input_tokens_seen": 0,
  "num_train_epochs": 10,
  "save_steps": 500,
  "stateful_callbacks": {
    "TrainerControl": {
      "args": {
        "should_epoch_stop": false,
        "should_evaluate": false,
        "should_log": false,
        "should_save": true,
        "should_training_stop": false
      },
      "attributes": {}
    }
  },
  "total_flos": 20677701759840.0,
  "train_batch_size": 4,
  "trial_name": null,
  "trial_params": null
}
